id,value
flare,
flare.analytics,
flare.analytics.cluster,
flare.analytics.cluster.React,32345


flare.analytics.graph,
flare.analytics.graph.Backbone,28344

flare.analytics.optimization,
flare.analytics.optimization.Asynchronous JS,30743

flare.animate,
flare.animate.CreativeThinking,17010

flare.data,
flare.data.converters,
flare.data.converters.Algorithms,27721

flare.data.DataInsights,5165

flare.display,
flare.display.DataAnalysis,8833


flare.flex,
flare.flex.Git,4116
flare.flex.:),3116

flare.physics,
flare.physics.SASS,21082

flare.query,
flare.query.jquery,24896

flare.scale,
flare.scale.GitHub,2105

flare.util,
flare.util.css3,17705

flare.util.palette,
flare.util.palette.MVCmodel,7367
flare.util.Persistence,19118
flare.util.Stats,6557
flare.util.Express js,22026

flare.vis,
flare.vis.axis,
flare.vis.axis.ECMAScript6,24593
flare.vis.axis.EmailSupport,6703

flare.vis.controls,
flare.vis.controls.BusinessEnglish,5538

flare.vis.data,
flare.vis.data.Data,20544
flare.vis.data.TeamPlayer,19788
flare.vis.data.MySQL,10349
flare.vis.data.Node js,19382
flare.vis.data.render,
flare.vis.data.render.DOM,6980

flare.vis.events,
flare.vis.events.WebAPI,5313
flare.vis.events.JSON,3880
flare.vis.events.Redux,4701
flare.vis.events.=),4117

flare.vis.legend,
flare.vis.legend.Knockout,20859

flare.vis.operator,
flare.vis.operator.distortion,
flare.vis.operator.distortion.WebDesign,4461

flare.vis.operator.encoder,
flare.vis.operator.encoder.^-^,3179

flare.vis.operator.filter,
flare.vis.operator.filter.Bootstrap,7219
flare.vis.operator.filter.npm,3165
flare.vis.operator.filter.AJAX,3509
flare.vis.operator.MongoDB,7586

flare.vis.operator.label,
flare.vis.operator.label.Technical Support,29956

flare.vis.operator.layout,
flare.vis.operator.layout.Psd-to-html,52870
flare.vis.operator.layout.D3,12348
flare.vis.html5,17640